{
    "build_metadata":
    {
        "dsa":
        {
            "vendor": "xilinx",
            "board_id": "aws-vu9p-f1",
            "name": "shell-v04261818",
            "version_major": "201920",
            "version_minor": "2",
            "description": "",
            "generated_by":
            {
                "name": "Vivado",
                "version": "2019.2",
                "cl": "2708876",
                "time_stamp": "Tue Apr 28 20:02:31 2020"
            },
            "board":
            {
                "name": "",
                "vendor": "amazon",
                "part": "",
                "board_part": ""
            },
            "feature_roms":
            [
                {
                    "time_epoch": "0"
                }
            ]
        },
        "xclbin":
        {
            "generated_by":
            {
                "name": "v++",
                "version": "2021.1",
                "cl": "3246112",
                "time_stamp": "2021-06-09-14:19:56",
                "options": "\/tools\/Xilinx\/Vitis\/2021.1\/bin\/unwrapped\/lnx64.o\/v++ --advanced.misc solution_name=link --config binary_container_1-link.cfg --connectivity.nk KVAdd:1:KVAdd_1 --debug --debug.chipscope KVAdd_1 --input_files ..\/..\/debug_kernels\/src\/vitis_rtl_kernel\/KVAdd\/KVAdd.xo --link --log_dir binary_container_1.build\/logs --messageDb binary_container_1.mdb --optimize 0 --output binary_container_1.xclbin --platform \/home\/ec2-user\/aws-fpga\/Vitis\/aws_platform\/xilinx_aws-vu9p-f1_shell-v04261818_201920_2\/xilinx_aws-vu9p-f1_shell-v04261818_201920_2.xpfm --profile.exec KVAdd:KVAdd_1:all --profile.trace_memory FIFO:64K --remote_ip_cache \/home\/ec2-user\/workspace\/ip_cache --report_dir binary_container_1.build\/reports --report_level 0 --save-temps --target hw --temp_dir binary_container_1.build "
            },
            "user_regions":
            [
                {
                    "name": "OCL_REGION_0",
                    "type": "clc_region",
                    "instance_path": "WRAPPER_INST\/CL",
                    "base_address": "",
                    "kernels":
                    [
                        {
                            "name": "KVAdd",
                            "ports":
                            [
                                {
                                    "name": "s_axi_control",
                                    "mode": "slave",
                                    "range": "0x1000",
                                    "data_width": "32",
                                    "port_type": "addressable",
                                    "base": "0x0"
                                },
                                {
                                    "name": "m00_axi",
                                    "mode": "master",
                                    "range": "0xFFFFFFFFFFFFFFFF",
                                    "data_width": "512",
                                    "port_type": "addressable",
                                    "base": "0x0"
                                },
                                {
                                    "name": "m01_axi",
                                    "mode": "master",
                                    "range": "0xFFFFFFFFFFFFFFFF",
                                    "data_width": "512",
                                    "port_type": "addressable",
                                    "base": "0x0"
                                },
                                {
                                    "name": "m02_axi",
                                    "mode": "master",
                                    "range": "0xFFFFFFFFFFFFFFFF",
                                    "data_width": "512",
                                    "port_type": "addressable",
                                    "base": "0x0"
                                }
                            ],
                            "arguments":
                            [
                                {
                                    "name": "scalar00",
                                    "address_qualifier": "0",
                                    "id": "0",
                                    "port": "s_axi_control",
                                    "size": "0x4",
                                    "offset": "0x010",
                                    "host_offset": "0x0",
                                    "host_size": "0x4",
                                    "type": "uint"
                                },
                                {
                                    "name": "A",
                                    "address_qualifier": "1",
                                    "id": "1",
                                    "port": "m00_axi",
                                    "size": "0x8",
                                    "offset": "0x018",
                                    "host_offset": "0x0",
                                    "host_size": "0x8",
                                    "type": "int*"
                                },
                                {
                                    "name": "B",
                                    "address_qualifier": "1",
                                    "id": "2",
                                    "port": "m01_axi",
                                    "size": "0x8",
                                    "offset": "0x024",
                                    "host_offset": "0x0",
                                    "host_size": "0x8",
                                    "type": "int*"
                                },
                                {
                                    "name": "Res",
                                    "address_qualifier": "1",
                                    "id": "3",
                                    "port": "m02_axi",
                                    "size": "0x8",
                                    "offset": "0x030",
                                    "host_offset": "0x0",
                                    "host_size": "0x8",
                                    "type": "int*"
                                }
                            ],
                            "instances":
                            [
                                {
                                    "name": "KVAdd_1"
                                }
                            ]
                        }
                    ]
                }
            ],
            "packaged_by":
            {
                "name": "xclbinutil",
                "version": "2.11.0",
                "hash": "1b6041e64258eac6d43877af0314b39fa9dc545c",
                "time_stamp": "Thu, 22 Jul 2021 19:53:51 +0000"
            }
        }
    }
}
